case,match,score,golden_pages,html_pages,golden_words,html_words,missing,extra
DA4193_1224,False,0.265,1,1,166,60,136,30
DA0193_1224,False,0.407,1,1,164,57,119,12
EA9905_1113,False,0.734,2,4,409,463,89,143
CA2001_1120,False,0.772,4,4,758,713,190,145
EA9902_1113,False,0.862,1,2,254,238,42,26
EA9941_1113,False,0.901,1,3,349,339,39,29
DA4093_1224,False,0.910,2,4,437,515,4,82
DA0093_1224,False,0.910,2,4,433,510,4,81
DA4093_1224_no_units_DOCMP,False,0.912,2,4,424,497,4,77
DA4093_1224_no_units_DOCUM,False,0.912,2,4,424,497,4,77
DA4093_1224_no_units_DOCUN,False,0.912,2,4,424,497,4,77
DA0093_1224_no_units_DOCMP,False,0.912,2,4,419,491,4,76
DA0093_1224_no_units_DOCUM,False,0.912,2,4,419,491,4,76
DA0093_1224_no_units_DOCUN,False,0.912,2,4,419,491,4,76
DA4093_1224_no_units_DOCL,False,0.913,2,4,420,491,4,75
DA4093_1224_no_units_HIRE,False,0.913,2,4,420,491,4,75
DA0093_1224_no_units_DOCL,False,0.913,2,4,415,485,4,74
DA0093_1224_no_units_HIRE,False,0.913,2,4,415,485,4,74
DA4093_1224_no_units_NONDON,False,0.914,2,4,422,493,4,75
DA4093_1224_no_units_NONEMP,False,0.914,2,4,422,493,4,75
DA4093_1224_no_units_NONOWN,False,0.914,2,4,422,493,4,75
DA4093_1224_no_units_NONPAR,False,0.914,2,4,422,493,4,75
DA4093_1224_no_units_NONVOL,False,0.914,2,4,422,493,4,75
DA0093_1224_no_units_NONDON,False,0.914,2,4,417,487,4,74
DA0093_1224_no_units_NONEMP,False,0.914,2,4,417,487,4,74
DA0093_1224_no_units_NONOWN,False,0.914,2,4,417,487,4,74
DA0093_1224_no_units_NONPAR,False,0.914,2,4,417,487,4,74
DA0093_1224_no_units_NONVOL,False,0.914,2,4,417,487,4,74
EA9901_1113,False,0.918,2,2,577,558,56,37
EA9948_1113,False,0.932,1,2,456,456,31,31
EA9940_0194,False,0.945,2,3,698,672,51,25
DA0293_1224,False,0.967,2,2,311,330,1,20
DA4293_1224,False,0.968,2,2,315,334,1,20
EA1122_1113,False,0.969,3,4,1499,1474,58,33
EA2236_1215,False,0.970,4,5,2396,2314,112,30
CA2021_0797,False,0.979,2,2,507,496,16,5
EA9910_1224,False,0.982,9,10,4919,4770,163,14
CA0454_0221,False,0.982,1,2,381,389,3,11
CA2162_1114,False,0.982,5,8,2924,2987,21,84
CA3134_1013,False,0.989,1,1,266,266,3,3
CA2021_1013,False,0.989,2,3,448,454,2,8
CA2032_1013,False,0.991,2,3,435,439,2,6
CA2016_1120,False,0.993,5,5,1049,1040,12,3
CA2187_1013,False,0.993,5,5,1730,1736,9,15
EA9911_1224,False,0.993,13,14,7658,7702,29,73
CA2245_1013,False,0.994,1,1,246,247,1,2
CA2151_1013,False,0.995,1,1,275,278,0,3
CA9936_0221,False,0.995,7,8,3048,3047,17,16
CA9923_1013,False,0.995,3,3,578,576,4,2
CA2015_1120,False,0.995,2,3,418,420,1,3
CA9951_0221,False,0.995,1,1,333,332,2,1
CA9801_0121,False,0.996,7,8,3138,3132,17,11
CA9914_1120,False,0.996,2,3,374,377,0,3
CA2401_1013,False,0.996,2,3,418,421,0,3
CA9928_1120,False,0.997,2,3,655,659,0,4
CA9905_1120,False,0.998,7,8,3049,3060,2,13
CA2236_1116,False,0.998,5,6,2508,2516,0,8
CA2105_0824,False,0.999,5,5,2623,2622,2,1
CA3133_0617,False,1.000,3,3,1535,1536,0,1
CA2136_0125,False,1.000,3,3,1579,1578,1,0
CA2136_1013,False,1.000,3,3,1579,1578,1,0
CA0301_1013,True,1.000,1,1,332,332,0,0
CA0302_1013,True,1.000,1,1,333,333,0,0
CA0421_1120,True,1.000,1,1,235,235,0,0
CA2009_1013,True,1.000,2,2,466,466,0,0
CA2071_1120,True,1.000,1,1,380,380,0,0
CA2105_0116,True,1.000,5,5,2605,2605,0,0
CA2123_1013,True,1.000,4,4,2017,2017,0,0
CA2146_1293,True,1.000,1,1,314,314,0,0
CA2162_0125,True,1.000,5,5,2995,2995,0,0
CA2162_1120,True,1.000,5,5,2993,2993,0,0
CA2168_0394,True,1.000,1,1,279,279,0,0
CA2257_1125,True,1.000,4,4,1675,1675,0,0
CA2326_0221,True,1.000,2,2,633,633,0,0
CA2398_0310,True,1.000,3,3,1030,1030,0,0
CA2398_1013,True,1.000,3,3,1054,1054,0,0
CA3135_0617,True,1.000,3,3,1196,1196,0,0
CA3136_1013,True,1.000,1,1,266,266,0,0
CA9960_1013,True,1.000,1,1,219,219,0,0
