"LOB","Package","PackageVersion","GhostDraftForm","FormCode","Edition","Enabled","Static","Recipients","RuleFiles","LegacyMatch","LegacyEditions","LegacyFAPs","FAPsOnDisk","GdSourceOnDisk"
"CPP,FRM","ISO Commercial Auto Project","2512.0","CA 00 01 10 13 Business Auto Coverage Form","CA0001","1013","True","True","INS","2","Same edition","0306,1013","A0001G","1","False"
"CPP,FRM","ISO Commercial Auto Project","2512.0","CA 00 01 11 20 Business Auto Coverage Form","CA0001","1120","True","True","INS","2","Other edition only","0306,1013","A0001F A0001G","2","False"
"CPP,FRM","ISO Commercial Auto Project","2512.0","CA 00 20 10 13 Motor Carrier Coverage Form","CA0020","1013","True","True","INS","2","Same edition","0306,1013","A0020E","1","False"
"CPP,FRM","ISO Commercial Auto Project","2512.0","CA 01 18 11 13 Idaho Changes","CA0118","1113","False","True","INS","2","Same edition","1100,1113","A0118B","1","False"
"CPP,FRM","ISO Commercial Auto Project","2512.0","CA 01 35 01 26 WASHINGTON CHANGES","CA0135","0126","True","True","INS","2","Other edition only","0108,0306,1013","A0135E A0135F A0135G","3","False"
"CPP,FRM","ISO Commercial Auto Project","2512.0","CA 01 44 10 13 Wyoming Changes - Duty To Defend","CA0144","1013","True","True","INS","2","Same edition","1013","A0144A","1","False"
"CPP,FRM","ISO Commercial Auto Project","2512.0","CA 01 49 10 13 Oregon Changes","CA0149","1013","False","True","INS","2","Same edition","0110,1013","A0149I","1","False"
"CPP,FRM","ISO Commercial Auto Project","2512.0","CA 01 59 01 25 Utah Changes","CA0159","0125","False","True","INS","2","Other edition only","0310,0517,0605,1013,1116","A0159D A0159E A0159F A0159G A0159H","5","False"
"CPP,FRM","ISO Commercial Auto Project","2512.0","CA 01 59 05 17 Utah Changes","CA0159","0517","True","True","INS","2","Same edition","0310,0517,0605,1013,1116","A0159H","1","False"
"CPP,FRM","ISO Commercial Auto Project","2512.0","CA 01 72 10 13 Montana Medical Payments Coverage - Removal Of Reasonable Expenses Limitation","CA0172","1013","True","True","INS","2","Same edition","1013","A0172A","1","False"
"CPP,FRM","ISO Commercial Auto Project","2512.0","CA 02 05 05 14 Arizona Changes - Nonrenewal","CA0205","0514","True","True","INS","2","Same edition","0514","A0205A","1","False"
"CPP,FRM","ISO Commercial Auto Project","2512.0","CA 02 20 10 13 Montana Changes - Cancellation And Nonrenewal","CA0220","1013","True","True","INS","2","Same edition","1013","A0220A","1","False"
"CPP,FRM","ISO Commercial Auto Project","2512.0","CA 02 79 03 24 Oregon Changes - Cancellation And Nonrenewal","CA0279","0324","False","True","INS","2","None (GhostDraft only)","","","0","False"
"CPP","ISO Commercial Auto Project","2512.0","CA 03 01 10 13 Deductible Liability Coverage","CA0301","1013","False","False","AGT,INS","1","Same edition","0306,1013","A0301C","1","True"
"CPP,FRM","ISO Commercial Auto Project","2512.0","CA 03 02 10 13 Deductible Liability Coverage","CA0302","1013","False","False","AGT,INS","3","Same edition","0306,1013","A0302E","1","True"
"CPP,FRM","ISO Commercial Auto Project","2512.0","CA 04 21 11 20 Full Safety Glass Coverage","CA0421","1120","True","False","AGT,INS","2","None (GhostDraft only)","","","0","True"
"CPP,FRM","ISO Commercial Auto Project","2512.0","CA 04 23 10 13 Arizona - Full Glass Coverage","CA0423","1013","True","True","INS","2","Same edition","1013","A0423A","1","True"
"CPP,FRM","ISO Commercial Auto Project","2512.0","CA 04 42 10 13 Exclusion Of Federal Employees Using Autos In Government Business","CA0442","1013","True","True","INS","2","Same edition","0310,1013","A0442B","1","False"
"CPP,FRM","ISO Commercial Auto Project","2512.0","CA 04 54 02 21 Washington - Auto Lease Gap Coverage","CA0454","0221","True","False","AGT,INS","2","None (GhostDraft only)","","","0","True"
"CPP,FRM","ISO Commercial Auto Project","2512.0","CA 04 55 12 23 Communicable Disease Exclusion For Covered Autos Liability Exposure","CA0455","1223","True","True","INS","2","None (GhostDraft only)","","","0","False"
"CPP,FRM","ISO Commercial Auto Project","2512.0","CA 05 24 11 20 Non-Ownership Liability Coverage For Volunteers","CA0524","1120","True","False","AGT,INS","2","None (GhostDraft only)","","","0","True"
"CPP,FRM","ISO Commercial Auto Project","2512.0","CA 05 25 11 20 Partners Or Members As Insureds","CA0525","1120","True","True","AGT,INS","2","None (GhostDraft only)","","","0","False"
"CPP,FRM","ISO Commercial Auto Project","2512.0","CA 20 01 11 20 Lessor - Additional Insured And Loss Payee","CA2001","1120","False","False","AGT,INS","2","Same edition","0306,1013,1120","CA2001B CA2001SCHEDB","2","True"
"CPP,FRM","ISO Commercial Auto Project","2512.0","CA 20 02 10 13 Audio, Visual And Data Electronic Equipment Coverage - Fire, Police And Emergency Vehicles","CA2002","1013","False","True","INS","2","Same edition","1013,1293","A2002D","1","False"
"CPP,FRM","ISO Commercial Auto Project","2512.0","CA 20 02 12 93 Sound Receiving Equipment Coverage - Fire, Police And Emergency Vehicles","CA2002","1293","False","True","INS","2","Same edition","1013,1293","A2002C","1","False"
"CPP,FRM","ISO Commercial Auto Project","2512.0","CA 20 08 10 13 Farm Tractors And Farm Tractors Equipment","CA2008","1013","False","True","INS","2","Same edition","1013,1293","A2008D","1","False"
"CPP,FRM","ISO Commercial Auto Project","2512.0","CA 20 08 12 93 Farm Tractors And Farm Tractors Equipment","CA2008","1293","False","True","INS","2","Same edition","1013,1293","A2008A","1","False"
"CPP,FRM","ISO Commercial Auto Project","2512.0","CA 20 09 10 13 Leasing Or Rental Concerns - Contingent Coverage","CA2009","1013","False","False","INS","2","Same edition","0797,1013","A2009C","1","True"
"CPP,FRM","ISO Commercial Auto Project","2512.0","CA 20 15 11 20 Mobile Equipment","CA2015","1120","True","False","AGT,INS","2","Other edition only","1013,1204","A2015F A2015G","2","True"
"CPP,FRM","ISO Commercial Auto Project","2512.0","CA 20 16 11 20 Mobile Homes Contents Coverage","CA2016","1120","True","False","AGT,INS","2","Other edition only","1001,1013","A2016E A2016F","2","True"
"CPP,FRM","ISO Commercial Auto Project","2512.0","CA 20 17 10 13 Mobile Homes Contents Not Covered","CA2017","1013","False","True","INS","2","Same edition","1013,1293","A2017D","1","False"
"CPP,FRM","ISO Commercial Auto Project","2512.0","CA 20 17 12 93 Mobile Homes Contents Not Covered","CA2017","1293","False","True","INS","2","Same edition","1013,1293","A2017C","1","False"
"CPP,FRM","ISO Commercial Auto Project","2512.0","CA 20 18 10 13 Professional Services Not Covered","CA2018","1013","False","True","INS","2","Same edition","1013,1293","A2018B","1","False"
"CPP,FRM","ISO Commercial Auto Project","2512.0","CA 20 18 12 93 Professional Services Not Covered","CA2018","1293","False","True","INS","2","Same edition","1013,1293","A2018A","1","False"
"CPP,FRM","ISO Commercial Auto Project","2512.0","CA 20 21 07 97 Snowmobiles","CA2021","0797","False","False","AGT,INS","2","Same edition","0797,1013","A2021A","1","True"
"CPP,FRM","ISO Commercial Auto Project","2512.0","CA 20 21 10 13 Snowmobiles","CA2021","1013","False","False","AGT,INS","2","Same edition","0797,1013","A2021B","1","True"
"CPP,FRM","ISO Commercial Auto Project","2512.0","CA 20 30 10 13 Emergency Services - Volunteer Firefighters' And Workers' Injuries Excluded","CA2030","1013","False","True","INS","2","Same edition","1013,1293","A2030B","1","False"
"CPP,FRM","ISO Commercial Auto Project","2512.0","CA 20 30 12 93 Emergency Vehicles - Volunteer Firefighters And Workers Injuries Excluded","CA2030","1293","False","True","INS","2","Same edition","1013,1293","A2030A","1","False"
"CPP,FRM","ISO Commercial Auto Project","2512.0","CA 20 32 10 13 Wyoming Snowmobiles","CA2032","1013","False","False","AGT,INS","2","Same edition","1013","A2032A","1","True"
"CPP,FRM","ISO Commercial Auto Project","2512.0","CA 20 55 10 13 Fellow Employee Coverage","CA2055","1013","False","True","INS","2","Same edition","1001,1013","A2055C","1","False"
"CPP,FRM","ISO Commercial Auto Project","2512.0","CA 20 71 11 20 Auto Loan Or Lease Gap Coverage","CA2071","1120","False","False","AGT,INS","2","None (GhostDraft only)","","","0","True"
"CPP,FRM","ISO Commercial Auto Project","2512.0","CA 21 05 01 16 Oregon Uninsured Motorists Coverage - Bodily Injury","CA2105","0116","False","False","AGT,INS","2","Same edition","0110,0116,1013","A2105M","1","True"
"CPP,FRM","ISO Commercial Auto Project","2512.0","CA 21 05 08 24 Oregon Uninsured Motorists Coverage - Bodily Injury","CA2105","0824","False","False","AGT,INS","2","Other edition only","0110,0116,1013","A2105K A2105L A2105M","3","True"
"CPP,FRM","ISO Commercial Auto Project","2512.0","CA 21 23 10 13 Wyoming Uninsured Motorists Coverage","CA2123","1013","False","False","AGT,INS","2","Same edition","1013","A2123A","1","True"
"CPP,FRM","ISO Commercial Auto Project","2512.0","CA 21 36 01 25 Utah Uninsured Motorists Coverage - Property Damage","CA2136","0125","False","False","AGT,INS","2","Other edition only","0109,1013","A2136F A2136G","2","True"
"CPP,FRM","ISO Commercial Auto Project","2512.0","CA 21 36 10 13 Utah Uninsured Motorists Coverage - Property Damage","CA2136","1013","False","False","AGT,INS","2","Same edition","0109,1013","A2136G","1","True"
"CPP,FRM","ISO Commercial Auto Project","2512.0","CA 21 46 12 93 Split Underinsured Motorists Coverage Limits","CA2146","1293","False","False","AGT,INS","2","Same edition","1293","A2146A","1","True"
"CPP,FRM","ISO Commercial Auto Project","2512.0","CA 21 51 10 13 Split Bodily Injury Underinsured Motorists Coverage Limits","CA2151","1013","False","False","AGT,INS","2","None (GhostDraft only)","","","0","True"
"CPP,FRM","ISO Commercial Auto Project","2512.0","CA 21 62 01 25 Utah Uninsured Motorists Coverage","CA2162","0125","False","False","AGT,INS","2","Other edition only","0109,1113,1114","A2162I A2162J A2162K","3","True"
"CPP,FRM","ISO Commercial Auto Project","2512.0","CA 21 62 11 20 Utah Uninsured Motorists Coverage","CA2162","1120","False","False","AGT,INS","2","Other edition only","0109,1113,1114","A2162I A2162J A2162K","3","True"
"CPP,FRM","ISO Commercial Auto Project","2512.0","CA 21 68 03 94 Wyoming Split Uninsured Motorists Coverage Limits","CA2168","0394","False","False","AGT,INS","2","Same edition","0394","A2168A","1","True"
"CPP,FRM","ISO Commercial Auto Project","2512.0","CA 21 87 10 13 Oregon Uninsured Motorists Coverage - Property Damage Private Passenger Types","CA2187","1013","False","False","AGT,INS","2","Same edition","0110,1013","A2187G","1","True"
"CPP,FRM","ISO Commercial Auto Project","2512.0","CA 22 36 11 16 Oregon Personal Injury Protection","CA2236","1116","False","False","AGT,INS","2","None (GhostDraft only)","","","0","True"
"CPP,FRM","ISO Commercial Auto Project","2512.0","CA 22 44 10 21 Utah Personal Injury Protection","CA2244","1021","False","False","AGT,INS","2","Other edition only","0306,1013","A2244C A2244D","2","True"
"CPP,FRM","ISO Commercial Auto Project","2512.0","CA 22 45 10 13 Utah Added Personal Injury Protection","CA2245","1013","False","False","AGT,INS","2","Same edition","1013","A2245B","1","True"
"CPP,FRM","ISO Commercial Auto Project","2512.0","CA 22 57 11 25 WASHINGTON PERSONAL INJURY PROTECTION - NAMED INDIVIDUALS","CA2257","1125","True","False","AGT,INS","2","Other edition only","0306,1013","A2257F A2257G","2","True"
"CPP,FRM","ISO Commercial Auto Project","2512.0","CA 23 01 10 13 Explosives","CA2301","1013","True","True","INS","2","Same edition","1013,1293","A2301C","1","False"
"CPP,FRM","ISO Commercial Auto Project","2512.0","CA 23 01 12 93 Explosives","CA2301","1293","True","True","INS","2","Same edition","1013,1293","A2301B","1","False"
"CPP,FRM","ISO Commercial Auto Project","2512.0","CA 23 04 10 01 Rolling Stores","CA2304","1001","True","True","INS","2","Same edition","1001,1013","A2304D","1","False"
"CPP,FRM","ISO Commercial Auto Project","2512.0","CA 23 04 10 13 Rolling Stores","CA2304","1013","True","True","INS","2","Same edition","1001,1013","A2304E","1","False"
"CPP,FRM","ISO Commercial Auto Project","2512.0","CA 23 05 10 13 Wrong Delivery Of Liquid Products","CA2305","1013","True","True","INS","2","Same edition","1013,1293","A2305B","1","False"
"CPP,FRM","ISO Commercial Auto Project","2512.0","CA 23 05 12 93 Wrong Delivery Of Liquid Products","CA2305","1293","True","True","INS","2","Same edition","1013,1293","A2305A","1","False"
"CPP,FRM","ISO Commercial Auto Project","2512.0","CA 23 17 11 20 Truckers - Uniform Intermodal Interchange Endorsement Form UIIE - 1","CA2317","1120","False","False","AGT,INS","2","Other edition only","0306,1013","A2317G A2317H","2","True"
"CPP,FRM","ISO Commercial Auto Project","2512.0","CA 23 26 02 21 Washington Truckers - Uniform Intermodal Interchange Endorsement Form UIIE - 1","CA2326","0221","True","False","AGT,INS","2","Other edition only","1013","A2326A","1","True"
"CPP,FRM","ISO Commercial Auto Project","2512.0","CA 23 45 11 20 Public Or Livery Passenger Conveyance And On-Demand Delivery Services Exclusion","CA2345","1120","True","True","INS","2","None (GhostDraft only)","","","0","False"
"CPP,FRM","ISO Commercial Auto Project","2512.0","CA 23 94 10 13 Silica Or Silica-Related Dust Exclusion For Covered Autos Exposure","CA2394","1013","True","True","INS","2","Same edition","1013","A2394A","1","False"
"CPP,FRM","ISO Commercial Auto Project","2512.0","CA 23 98 03 10 Trailer Interchange Coverage","CA2398","0310","False","False","AGT,INS","2","Same edition","0310,1013","A2398A","1","True"
"CPP,FRM","ISO Commercial Auto Project","2512.0","CA 23 98 10 13 Trailer Interchange Coverage","CA2398","1013","False","False","AGT,INS","2","Same edition","0310,1013","A2398B","1","True"
"FRM","ISO Commercial Auto Project","2512.0","CA 24 01 10 13 Transportation Of Seasonal Or Migrant Agricultural Workers","CA2401","1013","True","False","AGT,INS","1","None (GhostDraft only)","","","0","True"
"CPP,FRM","ISO Commercial Auto Project","2512.0","CA 24 02 10 13 Public Transportation Autos","CA2402","1013","False","True","INS","2","Same edition","1013,1293","A2402D","1","False"
"CPP,FRM","ISO Commercial Auto Project","2512.0","CA 24 02 12 93 Public Transportation Autos","CA2402","1293","False","True","INS","2","Same edition","1013,1293","A2402C","1","False"
"CPP,FRM","ISO Commercial Auto Project","2512.0","CA 28 03 12 23 Abuse Or Molestation Exclusion For Covered Autos Liability Exposure","CA2803","1223","True","True","INS","2","None (GhostDraft only)","","","0","False"
"CPP,FRM","ISO Commercial Auto Project","2512.0","CA 31 06 01 25 Utah Underinsured Motorists Coverage","CA3106","0125","False","False","AGT,INS","2","Other edition only","0109,1113,1114","A3106H A3106I A3106J","3","True"
"CPP,FRM","ISO Commercial Auto Project","2512.0","CA 31 33 06 17 Montana Underinsured Motorists Coverage - Nonstacked","CA3133","0617","False","False","AGT,INS","2","Same edition","0617","A3133A","1","True"
"CPP,FRM","ISO Commercial Auto Project","2512.0","CA 31 34 10 13 Montana Split Underinsured Motorists Coverage Limits - Non-Stacked","CA3134","1013","False","False","AGT,INS","3","Same edition","1013","A3134A","1","True"
"CPP","ISO Commercial Auto Project","2512.0","CA 31 35 06 17 Montana Uninsured Motorists Coverage - Nonstacked","CA3135","0617","False","False","AGT,INS","1","Same edition","0617","A3135A","1","True"
"CPP,FRM","ISO Commercial Auto Project","2512.0","CA 31 36 10 13 Montana Split Uninsured Motorists Coverage Limits - Non-Stacked","CA3136","1013","False","False","AGT,INS","2","Same edition","1013","A3136A","1","True"
"CPP,FRM","ISO Commercial Auto Project","2512.0","CA 98 01 01 21 Oregon Business Interruption Coverage","CA9801","0121","False","False","AGT,INS","2","None (GhostDraft only)","","","0","True"
"CPP,FRM","ISO Commercial Auto Project","2512.0","CA 99 03 10 13 Auto Medical Payments Coverage","CA9903","1013","False","True","INS","2","Same edition","0306,1013","A9903E","1","False"
"CPP,FRM","ISO Commercial Auto Project","2512.0","CA 99 05 11 20 Business Interruption Coverage","CA9905","1120","False","False","AGT,INS","2","Other edition only","0214","A9905A A9905SCHEDA","2","True"
"CPP,FRM","ISO Commercial Auto Project","2512.0","CA 99 13 07 97 Fiduciary Liability Of Banks","CA9913","0797","False","True","INS","2","Same edition","0797,1013","A9913C","1","False"
"CPP,FRM","ISO Commercial Auto Project","2512.0","CA 99 13 10 13 Fiduciary Liability Of Banks","CA9913","1013","False","True","INS","2","Same edition","0797,1013","A9913D","1","False"
"CPP,FRM","ISO Commercial Auto Project","2512.0","CA 99 14 11 20 Fire, Fire And Theft, Fire, Theft And Windstorm And Limited Specified Causes Of Loss Coverages","CA9914","1120","True","False","AGT,INS","2","Other edition only","1013,1293","A9914B A9914C","2","True"
"CPP,FRM","ISO Commercial Auto Project","2512.0","CA 99 23 10 13 Rental Reimbursement Coverage","CA9923","1013","True","False","AGT,INS","2","None (GhostDraft only)","","","0","True"
"CPP,FRM","ISO Commercial Auto Project","2512.0","CA 99 28 11 20 Stated Amount Insurance","CA9928","1120","True","False","AGT,INS","2","Other edition only","1001,1013","A9928E A9928F","2","True"
"CPP,FRM","ISO Commercial Auto Project","2512.0","CA 99 33 02 99 Employees As Insureds","CA9933","0299","False","True","INS","2","Same edition","0299,1013","A9933D","1","False"
"CPP,FRM","ISO Commercial Auto Project","2512.0","CA 99 33 10 13 Employees As Insureds","CA9933","1013","False","True","INS","2","Same edition","0299,1013","A9933E","1","False"
"CPP,FRM","ISO Commercial Auto Project","2512.0","CA 99 34 10 13 Social Service Agencies - Volunteers As Insureds","CA9934","1013","False","True","INS","2","Same edition","1013,1293","A9934C","1","False"
"CPP,FRM","ISO Commercial Auto Project","2512.0","CA 99 34 12 93 Social Services Agencies - Volunteers As Insureds","CA9934","1293","False","True","INS","2","Same edition","1013,1293","A9934B","1","False"
"CPP,FRM","ISO Commercial Auto Project","2512.0","CA 99 36 02 21 Washington Business Interruption Coverage","CA9936","0221","True","False","AGT,INS","2","Other edition only","0214","A9936A A9936SCHEDA","2","True"
"CPP,FRM","ISO Commercial Auto Project","2512.0","CA 99 48 10 13 Pollution Liability - Broadened Coverage For Covered Autos - Business Auto And Motor Carrier Coverage Forms","CA9948","1013","True","True","AGT,INS","2","None (GhostDraft only)","","","0","False"
"CPP,FRM","ISO Commercial Auto Project","2512.0","CA 99 51 02 21 Washington - Auto Loan Coverage - Private Passenger Autos","CA9951","0221","True","False","AGT,INS","2","None (GhostDraft only)","","","0","True"
"CPP,FRM","ISO Commercial Auto Project","2512.0","CA 99 60 10 13 Audio, Visual And Data Electronic Equipment Coverage Added Limits","CA9960","1013","False","False","AGT,INS","2","Same edition","0306,1013","A9960D","1","True"
"CPP,FRM","ISO Commercial Auto Project","2512.0","CA 99 64 11 20 Utah Business Interruption Coverage","CA9964","1120","False","False","AGT,INS","2","None (GhostDraft only)","","","0","True"
"CPP","ISO General Liability Project","2607.0","CG 28 91 06 25 WYOMING CHANGES - CANCELLATION AND NONRENEWAL","CG2891","0625","True","True","INS","1","Other edition only","0187","G2891A","1","False"
"CPP","ISO General Liability Project","2607.0","CG 33 32 06 25 WYOMING CHANGES - CANCELLATION AND NONRENEWAL","CG3332","0625","True","True","INS","1","Other edition only","1204","G3332A","1","False"
"CPP","MoE Commercial Crime and Fidelity","2607.0","CR 02 26 06 25","CR0226","0625","True","True","INS","1","Other edition only","1010","R0226A","1","False"
"CPP,FRM","MoE Proprietary Commercial Auto","2601.0","CA N 1101 1225","CAN1101","1225","False","True","AGT,INS","2","None (GhostDraft only)","","","0","True"
"CPP,FRM","MoE Proprietary Commercial Auto","2607.0","CA N 4301 0526","CAN4301","0526","True","True","AGT,INS","2","None (GhostDraft only)","","","0","True"
"CPP,FRM","MoE Proprietary Commercial Auto","2601.0","CA2162 1114","CA2162","1114","False","False","INS","2","Same edition","0109,1113,1114","A2162K","1","True"
"CPP","MoE Proprietary Commercial Auto","2601.0,2606.0","DA0093 1224","DA0093","1224","False/True","False","AGT,INS","4","FAP by name only","","DAX093P1A DAX093P1B DAX093P1C DAX093P2A DAX093P2B DAX093P2C","6","True"
"CPP","MoE Proprietary Commercial Auto","2601.0","DA0193 1224","DA0193","1224","False/True","False","AGT,INS","4","FAP by name only","","DAX193A DAX193B DAX193C DAX193PC","4","True"
"CPP","MoE Proprietary Commercial Auto","2601.0","DA0293 1224","DA0293","1224","False/True","False","AGT,INS","4","FAP by name only","","DAX293A DAX293B","2","True"
"FRM","MoE Proprietary Commercial Auto","2601.0","DA4093 1224","DA4093","1224","False/True","False","AGT,INS","4","FAP by name only","","DAX093P1A DAX093P1B DAX093P1C DAX093P2A DAX093P2B DAX093P2C","6","True"
"FRM","MoE Proprietary Commercial Auto","2601.0","DA4193 1224","DA4193","1224","False/True","False","AGT,INS","4","FAP by name only","","DAX193A DAX193B DAX193C DAX193PC","4","True"
"FRM","MoE Proprietary Commercial Auto","2601.0","DA4293 1224","DA4293","1224","False/True","False","AGT,INS","4","FAP by name only","","DAX293A DAX293B","2","True"
"CPP,FRM","MoE Proprietary Commercial Auto","2601.0","EA1122 1113","EA1122","1113","False","False","INS","2","Same edition","1113,1198","EA1122A","1","True"
"CPP,FRM","MoE Proprietary Commercial Auto","2601.0","EA2236 1215","EA2236","1215","False","False","INS","2","Same edition","0110,1001,1215","EA2236A","1","True"
"CPP,FRM","MoE Proprietary Commercial Auto","2601.0","EA9901 1113","EA9901","1113","False","False","INS","2","Same edition","0108,0911,1113","EA9901D","1","True"
"CPP,FRM","MoE Proprietary Commercial Auto","2601.0","EA9902 1113","EA9902","1113","False","False","INS","2","Same edition","0108,1113","EA9902C","1","True"
"CPP,FRM","MoE Proprietary Commercial Auto","2601.0","EA9905 1113","EA9905","1113","False","False","INS","2","Same edition","1094,1113","EA9905C EA9905SCHEDC","2","True"
"CPP,FRM","MoE Proprietary Commercial Auto","2601.0","EA9910 1224","EA9910","1224","True","False","INS","2","Other edition only","0513,0911,1012,1113","EA9910A EA9910B EA9910C EA9910D","4","True"
"CPP,FRM","MoE Proprietary Commercial Auto","2601.0","EA9911 1224","EA9911","1224","True","False","INS","2","Other edition only","0318,0513,0911,1012,1113","EA9911A EA9911B EA9911C EA9911D EA9911E","5","True"
"CPP,FRM","MoE Proprietary Commercial Auto","2601.0","EA9940 0194","EA9940","0194","False","False","INS","2","Same edition","0194","EA9940A","1","True"
"FRM","MoE Proprietary Commercial Auto","2601.0","EA9941 1113","EA9941","1113","False","False","INS","1","Same edition","0198,1113","EA9941B","1","True"
"CPP,FRM","MoE Proprietary Commercial Auto","2601.0","EA9948 1113","EA9948","1113","False","False","INS","2","Same edition","1094,1113","EA9948A","1","True"
"CPP,FRM","MoE Proprietary Commercial Auto","2601.0","MCS90 0724","MCS90","0724","True","False","AGT,INS","2","Other edition only","0117,0196","MCS90 MCS90A","2","True"
"CPP,FRM","MoE Proprietary Commercial Auto","2606.0","MPN CA 01 0526","MPNCA01","0526","False","True","AGT,INS","2","None (GhostDraft only)","","","0","True"
"UMC","MoE Proprietary Commercial Excess","2607.1","CX 01 04 06 25","CX0104","0625","True","True","INS","1","Other edition only","0908","CX0104A","1","False"
"UMC","MoE Proprietary Commercial Excess","2607.1","DEX 00 01 03 16","DEX0001","0316","True","False","AGT,INS","2","FAP by name only","","DEX0001A DEX0001B DEX0001C","3","False"
"UMC","MoE Proprietary Commercial Excess","2607.1","EX 81 01 03 26","EX8101","0326","True","False","INS","1","None (GhostDraft only)","","","0","False"
"UMC","MoE Proprietary Commercial Excess","2607.1","EX 99 08 02 16","EX9908","0216","True","False","INS","2","Same edition","0216","EX9908A","1","False"
"FRM","MoE Proprietary Commercial Farm","2607.1","EF 99 23 03 26","EF9923","0326","True","False","INS","1","Other edition only","1010","F9923A","1","False"
"FRM","MoE Proprietary Commercial Farm","2607.1","EF 99 23WA 03 26","EF9923WA","0326","True","False","INS","1","None (GhostDraft only)","","","0","False"
"FRM","MoE Proprietary Commercial Farm","2607.1","EF 99 24 03 26","EF9924","0326","True","False","INS","1","Other edition only","0109","F9924A","1","False"
"FRM","MoE Proprietary Commercial Farm","2607.1","FP 01 85 10 23","FP0185","1023","True","True","INS","1","None (GhostDraft only)","","","0","False"
"CPP,FRM","MoE Proprietary Commercial General Liability","2607.1","EG 28 06 03 26","EG2806","0326","True","False","INS","4","None (GhostDraft only)","","","0","False"
"CPP,FRM","MoE Proprietary Commercial General Liability","2607.1","EG 28 99 03 26","EG2899","0326","True","False","INS","2","None (GhostDraft only)","","","0","False"
"CPP,FRM","MoE Proprietary Commercial General Liability","2607.1","EG 34 04 03 26","EG3404","0326","False","False","INS","2","None (GhostDraft only)","","","0","False"
"CPP,FRM","MoE Proprietary Commercial General Liability","2607.1","EG 80 33 03 26","EG8033","0326","True","False","INS","2","None (GhostDraft only)","","","0","False"
"CPP,FRM","MoE Proprietary Commercial General Liability","2607.1","EG 99 45 03 26","EG9945","0326","True","False","INS","2","None (GhostDraft only)","","","0","False"
"CPP,FRM","MoE Proprietary Commercial Interline","2512.0","EL2103 0825","EL2103","0825","True","False","INS","2","None (GhostDraft only)","","","0","False"
"BOP,CPP,FRM","MoE Proprietary Commercial Interline","2512.0","MPN IL03 1224","MPNIL03","1224","True","True","AGT,INS","3","None (GhostDraft only)","","","0","False"
"BOP,CPP,FRM,UMC","MoE Proprietary Commercial Interline","2512.0","STF FS 06 26","STFFS0626","","True","True","AGT,INS","4","None (GhostDraft only)","","","0","False"
"CPP","MoE Proprietary Commercial Property","2607.2","CP 01 11 10 23","CP0111","1023","True","True","INS","1","Other edition only","1012","P0111A","1","False"
"CPP","MoE Proprietary Commercial Property","2607.2","EP 99 23 03 26","EP9923","0326","True","False","INS","1","Other edition only","0319,0611","EP9923A EP9923B","2","False"
"CPP","MoE Proprietary Commercial Property","2607.2","EP 99 23WA 03 26","EP9923WA","0326","True","False","INS","1","None (GhostDraft only)","","","0","False"
"CPP","MoE Proprietary Commercial Property","2607.2","EP 99 24 03 26","EP9924","0326","True","False","INS","1","Other edition only","0119,0319,0611","EP9924A EP9924B EP9924C","3","False"
"CPP","MoE Proprietary Commercial Property","2512.0","EP9965 0825","EP9965","0825","True","False","INS","1","None (GhostDraft only)","","","0","False"
"CPP,FRM","MoE Proprietary Interline","2607.0","EL 01 49 10 25","EL0149","1025","True","True","INS","2","None (GhostDraft only)","","","0","False"
"CPP,FRM","MoE Proprietary Interline","2607.0","IL 02 52 06 25","IL0252","0625","True","True","INS","2","Other edition only","0907","L0252A","1","False"
"CPP,FRM","PolicyholderNotices","2510.0","MPN CA01 1224","MPNCA01","1224","False/True","True","AGT,INS","6","None (GhostDraft only)","","","0","True"
